STATION,NAME,DATE,PRCP,SNWD,TAVG,TMAX,TMIN,WDFG,WSFG
CA006131983,"DELHI CS, ON CA",01-01-2020,0.02,2,32,36,27,,
CA006131983,"DELHI CS, ON CA",02-01-2020,0,1.6,40,44,36,21,80.5
CA006131983,"DELHI CS, ON CA",03-01-2020,0,,41,45,38,,
CA006131983,"DELHI CS, ON CA",04-01-2020,0.09,,34,38,29,31,80.5
CA006131983,"DELHI CS, ON CA",05-01-2020,0.24,,32,35,29,,
CA006131983,"DELHI CS, ON CA",06-01-2020,0.02,0.8,33,36,31,23,98.4
CA006131983,"DELHI CS, ON CA",07-01-2020,0,0.4,32,39,26,28,76.1
CA006131983,"DELHI CS, ON CA",08-01-2020,0.01,0,26,32,19,28,102.9
CA006131983,"DELHI CS, ON CA",09-01-2020,,0.8,,,,,
CA006131983,"DELHI CS, ON CA",10-01-2020,0.5,,44,49,40,20,85
CA006131983,"DELHI CS, ON CA",11-01-2020,1.58,,47,57,37,19,109.6
CA006131983,"DELHI CS, ON CA",12-01-2020,0.41,,32,38,26,27,105.1
CA006131983,"DELHI CS, ON CA",13-01-2020,0.04,,33,38,28,,
CA006131983,"DELHI CS, ON CA",14-01-2020,0,,34,41,27,,
CA006131983,"DELHI CS, ON CA",15-01-2020,0,,37,41,33,,
CA006131983,"DELHI CS, ON CA",16-01-2020,0.03,,27,37,18,31,114.1
CA006131983,"DELHI CS, ON CA",17-01-2020,0,,19,22,15,,
CA006131983,"DELHI CS, ON CA",18-01-2020,0.81,,29,39,18,22,94
CA006131983,"DELHI CS, ON CA",19-01-2020,0.04,2.4,20,32,8,26,100.7
CA006131983,"DELHI CS, ON CA",20-01-2020,0,3.1,11,21,0,,
CA006131983,"DELHI CS, ON CA",21-01-2020,0,3.1,18,23,13,,
CA006131983,"DELHI CS, ON CA",22-01-2020,0,3.1,22,30,13,21,71.6
CA006131983,"DELHI CS, ON CA",23-01-2020,0,3.1,28,39,18,,
CA006131983,"DELHI CS, ON CA",24-01-2020,0.59,2.8,35,40,30,,
CA006131983,"DELHI CS, ON CA",25-01-2020,0.06,0.8,37,41,33,,
CA006131983,"DELHI CS, ON CA",26-01-2020,0.09,,34,36,33,,
CA006131983,"DELHI CS, ON CA",27-01-2020,0,,32,33,31,,
CA006131983,"DELHI CS, ON CA",28-01-2020,0,,31,33,28,,
CA006131983,"DELHI CS, ON CA",29-01-2020,0,,27,32,22,,
CA006131983,"DELHI CS, ON CA",30-01-2020,0,,27,33,20,,
CA006131983,"DELHI CS, ON CA",31-01-2020,0,,29,31,27,,
CA006131983,"DELHI CS, ON CA",01-02-2020,0.11,,29,33,24,,
CA006131983,"DELHI CS, ON CA",02-02-2020,0.15,0.4,34,38,30,,
CA006131983,"DELHI CS, ON CA",03-02-2020,0,1.2,37,43,31,,
CA006131983,"DELHI CS, ON CA",04-02-2020,0,,30,35,26,32,87.2
CA006131983,"DELHI CS, ON CA",05-02-2020,0.07,,25,29,20,34,76.1
CA006131983,"DELHI CS, ON CA",06-02-2020,0.11,0.4,24,26,23,,
CA006131983,"DELHI CS, ON CA",07-02-2020,0.03,0.4,22,27,16,34,80.5
CA006131983,"DELHI CS, ON CA",08-02-2020,0.01,2,18,23,13,,
CA006131983,"DELHI CS, ON CA",09-02-2020,0.37,2,26,35,16,17,73.8
CA006131983,"DELHI CS, ON CA",10-02-2020,0.05,3.1,31,37,25,,
CA006131983,"DELHI CS, ON CA",11-02-2020,0,1.6,31,35,28,30,87.2
CA006131983,"DELHI CS, ON CA",12-02-2020,0.06,2,27,32,22,,
CA006131983,"DELHI CS, ON CA",13-02-2020,0.07,1.6,21,33,9,33,73.8
CA006131983,"DELHI CS, ON CA",14-02-2020,0,3.9,11,17,6,,
CA006131983,"DELHI CS, ON CA",15-02-2020,0.01,3.5,25,34,16,23,125.3
CA006131983,"DELHI CS, ON CA",16-02-2020,0,2.4,27,36,19,,
CA006131983,"DELHI CS, ON CA",17-02-2020,0.06,1.6,24,35,14,,
CA006131983,"DELHI CS, ON CA",18-02-2020,0.22,3.9,34,40,27,26,89.5
CA006131983,"DELHI CS, ON CA",19-02-2020,0,0.8,23,31,14,29,82.8
CA006131983,"DELHI CS, ON CA",20-02-2020,0,,18,21,14,31,80.5
CA006131983,"DELHI CS, ON CA",21-02-2020,0,0,22,30,13,23,98.4
CA006131983,"DELHI CS, ON CA",22-02-2020,0,0.8,32,38,26,21,82.8
CA006131983,"DELHI CS, ON CA",23-02-2020,0,0.8,39,45,32,21,78.3
CA006131983,"DELHI CS, ON CA",24-02-2020,0,,41,48,34,,
CA006131983,"DELHI CS, ON CA",25-02-2020,0.05,,37,40,33,,
CA006131983,"DELHI CS, ON CA",26-02-2020,0.34,,30,35,24,,
CA006131983,"DELHI CS, ON CA",27-02-2020,0.01,3.9,21,24,18,25,107.4
CA006131983,"DELHI CS, ON CA",28-02-2020,0.01,,21,24,18,27,98.4
CA006131983,"DELHI CS, ON CA",29-02-2020,0.02,1.6,17,25,10,30,96.2
CA006131983,"DELHI CS, ON CA",01-03-2020,0,1.6,27,42,13,20,78.3
CA006131983,"DELHI CS, ON CA",02-03-2020,0.63,0.4,40,44,36,19,76.1
CA006131983,"DELHI CS, ON CA",03-03-2020,0.26,,36,42,31,28,80.5
CA006131983,"DELHI CS, ON CA",04-03-2020,0,,35,41,29,26,82.8
CA006131983,"DELHI CS, ON CA",05-03-2020,0,,32,42,23,,
CA006131983,"DELHI CS, ON CA",06-03-2020,0.04,,33,36,29,33,78.3
CA006131983,"DELHI CS, ON CA",07-03-2020,0,,30,38,22,,
CA006131983,"DELHI CS, ON CA",08-03-2020,0,,42,52,31,19,94
CA006131983,"DELHI CS, ON CA",09-03-2020,0,,52,58,45,23,116.3
CA006131983,"DELHI CS, ON CA",10-03-2020,0.87,,41,55,27,22,98.4
CA006131983,"DELHI CS, ON CA",11-03-2020,0,,33,42,25,,
CA006131983,"DELHI CS, ON CA",12-03-2020,0.05,,39,47,31,,
CA006131983,"DELHI CS, ON CA",13-03-2020,0.1,,43,52,34,27,123
CA006131983,"DELHI CS, ON CA",14-03-2020,0,,32,35,30,30,71.6
CA006131983,"DELHI CS, ON CA",15-03-2020,0,,33,41,25,,
CA006131983,"DELHI CS, ON CA",16-03-2020,0.07,,36,50,22,,
CA006131983,"DELHI CS, ON CA",17-03-2020,0,,36,46,27,28,76.1
CA006131983,"DELHI CS, ON CA",18-03-2020,0.17,,36,45,26,,
CA006131983,"DELHI CS, ON CA",19-03-2020,0.18,,46,58,35,21,76.1
CA006131983,"DELHI CS, ON CA",20-03-2020,0.23,,44,61,27,24,134.2
CA006131983,"DELHI CS, ON CA",21-03-2020,0,,29,36,21,,
CA006131983,"DELHI CS, ON CA",22-03-2020,0.01,,28,39,17,,
CA006131983,"DELHI CS, ON CA",23-03-2020,0.3,,34,40,29,,
CA006131983,"DELHI CS, ON CA",24-03-2020,0,,38,45,32,,
CA006131983,"DELHI CS, ON CA",25-03-2020,0,,43,55,31,,
CA006131983,"DELHI CS, ON CA",26-03-2020,0,,44,57,32,23,85
CA006131983,"DELHI CS, ON CA",27-03-2020,0,,44,54,35,,
CA006131983,"DELHI CS, ON CA",28-03-2020,0.49,,42,46,38,,
CA006131983,"DELHI CS, ON CA",29-03-2020,0.45,,54,67,41,25,143.2
CA006131983,"DELHI CS, ON CA",30-03-2020,0,,43,47,38,26,76.1
CA006131983,"DELHI CS, ON CA",31-03-2020,0.03,,44,49,38,,
CA006131983,"DELHI CS, ON CA",01-04-2020,0,,44,52,36,34,82.8
CA006131983,"DELHI CS, ON CA",02-04-2020,0,,46,58,34,34,91.7
CA006131983,"DELHI CS, ON CA",03-04-2020,0,,43,55,31,32,71.6
CA006131983,"DELHI CS, ON CA",04-04-2020,0,,47,58,36,,
CA006131983,"DELHI CS, ON CA",05-04-2020,0,,42,54,30,,
CA006131983,"DELHI CS, ON CA",06-04-2020,0,,43,60,26,,
CA006131983,"DELHI CS, ON CA",07-04-2020,0.37,,47,61,34,,
CA006131983,"DELHI CS, ON CA",08-04-2020,0.16,,50,58,42,30,80.5
CA006131983,"DELHI CS, ON CA",09-04-2020,0.33,,40,47,33,31,111.8
CA006131983,"DELHI CS, ON CA",10-04-2020,0.03,,36,41,31,31,118.6
CA006131983,"DELHI CS, ON CA",11-04-2020,0,,38,48,29,21,78.3
CA006131983,"DELHI CS, ON CA",12-04-2020,0.04,,51,63,39,18,80.5
CA006131983,"DELHI CS, ON CA",13-04-2020,0.5,,46,57,35,26,120.8
CA006131983,"DELHI CS, ON CA",14-04-2020,0,,36,43,29,25,100.7
CA006131983,"DELHI CS, ON CA",15-04-2020,0.06,,31,38,24,27,87.2
CA006131983,"DELHI CS, ON CA",16-04-2020,0.02,,30,39,20,26,85
CA006131983,"DELHI CS, ON CA",17-04-2020,0.09,,34,39,28,,
CA006131983,"DELHI CS, ON CA",18-04-2020,0,,37,47,27,21,91.7
CA006131983,"DELHI CS, ON CA",19-04-2020,0.13,,40,52,27,23,105.1
CA006131983,"DELHI CS, ON CA",20-04-2020,0,,36,50,23,20,80.5
CA006131983,"DELHI CS, ON CA",21-04-2020,0.04,,39,50,29,30,145.4
CA006131983,"DELHI CS, ON CA",22-04-2020,0,,34,42,26,28,91.7
CA006131983,"DELHI CS, ON CA",23-04-2020,0.29,,35,39,32,,
CA006131983,"DELHI CS, ON CA",24-04-2020,0,,43,52,34,,
CA006131983,"DELHI CS, ON CA",25-04-2020,0.03,,45,60,31,,
CA006131983,"DELHI CS, ON CA",26-04-2020,0.42,,43,48,38,5,94
CA006131983,"DELHI CS, ON CA",27-04-2020,0,,46,60,32,23,73.8
CA006131983,"DELHI CS, ON CA",28-04-2020,0.01,,54,64,44,,
CA006131983,"DELHI CS, ON CA",29-04-2020,0.54,,53,61,46,,
CA006131983,"DELHI CS, ON CA",30-04-2020,0.57,,52,59,44,,
CA006131983,"DELHI CS, ON CA",01-05-2020,0.06,,51,62,41,32,80.5
CA006131983,"DELHI CS, ON CA",02-05-2020,0,,52,67,38,22,96.2
CA006131983,"DELHI CS, ON CA",03-05-2020,0,,58,71,46,32,91.7
CA006131983,"DELHI CS, ON CA",04-05-2020,0,,44,52,35,32,96.2
CA006131983,"DELHI CS, ON CA",05-05-2020,0,,41,53,28,,
CA006131983,"DELHI CS, ON CA",06-05-2020,0,,46,59,33,31,73.8
CA006131983,"DELHI CS, ON CA",08-05-2020,0,,34,42,27,33,100.7
CA006131983,"DELHI CS, ON CA",09-05-2020,0,,35,44,26,28,127.5
CA006131983,"DELHI CS, ON CA",10-05-2020,0,,44,56,31,20,114.1
CA006131983,"DELHI CS, ON CA",11-05-2020,0.11,,38,44,33,31,91.7
CA006131983,"DELHI CS, ON CA",12-05-2020,0,,40,52,28,31,100.7
CA006131983,"DELHI CS, ON CA",13-05-2020,0,,40,55,25,,
CA006131983,"DELHI CS, ON CA",14-05-2020,0.21,,48,59,37,,
CA006131983,"DELHI CS, ON CA",15-05-2020,0.31,,59,71,46,24,102.9
CA006131983,"DELHI CS, ON CA",16-05-2020,0,,55,67,43,,
CA006131983,"DELHI CS, ON CA",17-05-2020,0.43,,54,61,47,,
CA006131983,"DELHI CS, ON CA",18-05-2020,0.36,,53,55,50,,
CA006131983,"DELHI CS, ON CA",19-05-2020,0,,58,65,50,,
CA006131983,"DELHI CS, ON CA",20-05-2020,0,,57,71,44,,
CA006131983,"DELHI CS, ON CA",21-05-2020,0,,58,75,40,,
CA006131983,"DELHI CS, ON CA",22-05-2020,0.15,,61,74,49,,
CA006131983,"DELHI CS, ON CA",23-05-2020,0,,67,76,58,,
CA006131983,"DELHI CS, ON CA",24-05-2020,0,,69,84,54,20,89.5
CA006131983,"DELHI CS, ON CA",25-05-2020,0,,76,88,65,,
CA006131983,"DELHI CS, ON CA",26-05-2020,0,,76,90,62,,
CA006131983,"DELHI CS, ON CA",27-05-2020,0,,74,84,64,,
CA006131983,"DELHI CS, ON CA",28-05-2020,0.18,,69,72,66,,
CA006131983,"DELHI CS, ON CA",29-05-2020,0.03,,63,76,51,23,105.1
CA006131983,"DELHI CS, ON CA",30-05-2020,0,,54,63,45,32,87.2
CA006131983,"DELHI CS, ON CA",31-05-2020,0,,51,63,40,36,73.8
CA006131983,"DELHI CS, ON CA",01-06-2020,0,,59,71,47,21,80.5
CA006131983,"DELHI CS, ON CA",02-06-2020,0.01,,67,80,54,24,69.3
CA006131983,"DELHI CS, ON CA",03-06-2020,0,,71,82,59,31,96.2
CA006131983,"DELHI CS, ON CA",04-06-2020,0,,69,83,55,,
CA006131983,"DELHI CS, ON CA",05-06-2020,0,,72,84,60,,
CA006131983,"DELHI CS, ON CA",06-06-2020,0,,69,81,56,32,96.2
CA006131983,"DELHI CS, ON CA",07-06-2020,0,,64,75,52,,
CA006131983,"DELHI CS, ON CA",08-06-2020,0,,65,79,50,,
CA006131983,"DELHI CS, ON CA",09-06-2020,0,,72,91,53,,
CA006131983,"DELHI CS, ON CA",10-06-2020,0.7,,78,89,67,18,109.6
CA006131983,"DELHI CS, ON CA",11-06-2020,0,,68,74,62,28,96.2
CA006131983,"DELHI CS, ON CA",12-06-2020,0,,56,67,46,31,96.2
CA006131983,"DELHI CS, ON CA",13-06-2020,0,,55,68,41,,
CA006131983,"DELHI CS, ON CA",14-06-2020,0,,56,67,45,,
CA006131983,"DELHI CS, ON CA",15-06-2020,0,,62,75,50,,
CA006131983,"DELHI CS, ON CA",16-06-2020,0,,63,80,47,,
CA006131983,"DELHI CS, ON CA",17-06-2020,0,,68,84,51,,
CA006131983,"DELHI CS, ON CA",18-06-2020,0,,72,87,57,,
CA006131983,"DELHI CS, ON CA",19-06-2020,0.37,,72,82,61,,
CA006131983,"DELHI CS, ON CA",20-06-2020,0,,73,86,61,,
CA006131983,"DELHI CS, ON CA",21-06-2020,0,,74,89,60,,
CA006131983,"DELHI CS, ON CA",22-06-2020,0,,74,81,67,,
CA006131983,"DELHI CS, ON CA",23-06-2020,0.22,,69,76,62,19,89.5
CA006131983,"DELHI CS, ON CA",24-06-2020,0,,64,71,57,29,85
CA006131983,"DELHI CS, ON CA",25-06-2020,0,,65,78,51,19,71.6
CA006131983,"DELHI CS, ON CA",26-06-2020,0,,70,81,59,22,71.6
CA006131983,"DELHI CS, ON CA",27-06-2020,0.4,,73,80,66,,
CA006131983,"DELHI CS, ON CA",28-06-2020,0,,73,84,62,,
CA006131983,"DELHI CS, ON CA",29-06-2020,0,,74,88,60,,
CA006131983,"DELHI CS, ON CA",30-06-2020,0,,74,84,63,,
CA006131983,"DELHI CS, ON CA",01-07-2020,0,,74,86,61,,
CA006131983,"DELHI CS, ON CA",02-07-2020,0,,75,90,61,31,69.3
CA006131983,"DELHI CS, ON CA",03-07-2020,0,,77,92,63,,
CA006131983,"DELHI CS, ON CA",04-07-2020,0,,76,89,64,,
CA006131983,"DELHI CS, ON CA",05-07-2020,0,,73,90,56,,
CA006131983,"DELHI CS, ON CA",06-07-2020,0,,78,94,62,,
CA006131983,"DELHI CS, ON CA",07-07-2020,0,,77,92,62,32,80.5
CA006131983,"DELHI CS, ON CA",08-07-2020,0,,80,90,70,,
CA006131983,"DELHI CS, ON CA",09-07-2020,0,,80,94,66,,
CA006131983,"DELHI CS, ON CA",10-07-2020,0.02,,81,92,70,22,71.6
CA006131983,"DELHI CS, ON CA",11-07-2020,0.83,,72,78,65,28,98.4
CA006131983,"DELHI CS, ON CA",12-07-2020,0,,68,76,59,30,71.6
CA006131983,"DELHI CS, ON CA",13-07-2020,0,,67,76,57,32,71.6
CA006131983,"DELHI CS, ON CA",14-07-2020,0,,67,79,55,,
CA006131983,"DELHI CS, ON CA",15-07-2020,0,,71,84,58,,
CA006131983,"DELHI CS, ON CA",16-07-2020,0.56,,72,81,64,,
CA006131983,"DELHI CS, ON CA",17-07-2020,0,,73,82,64,,
CA006131983,"DELHI CS, ON CA",18-07-2020,0,,74,85,62,22,69.3
CA006131983,"DELHI CS, ON CA",19-07-2020,0.42,,76,82,69,30,134.2
CA006131983,"DELHI CS, ON CA",20-07-2020,0,,73,82,65,26,69.3
CA006131983,"DELHI CS, ON CA",21-07-2020,0,,71,80,62,,
CA006131983,"DELHI CS, ON CA",22-07-2020,0.16,,72,79,64,25,85
CA006131983,"DELHI CS, ON CA",23-07-2020,0,,74,83,66,,
CA006131983,"DELHI CS, ON CA",24-07-2020,0,,73,83,64,,
CA006131983,"DELHI CS, ON CA",25-07-2020,0,,72,84,61,,
CA006131983,"DELHI CS, ON CA",26-07-2020,0,,75,89,60,26,73.8
CA006131983,"DELHI CS, ON CA",27-07-2020,0.15,,78,87,69,31,69.3
CA006131983,"DELHI CS, ON CA",28-07-2020,0,,73,81,65,21,71.6
CA006131983,"DELHI CS, ON CA",29-07-2020,0,,73,81,64,23,82.8
CA006131983,"DELHI CS, ON CA",30-07-2020,0,,70,81,60,,
CA006131983,"DELHI CS, ON CA",31-07-2020,0,,71,84,58,,
CA006131983,"DELHI CS, ON CA",01-08-2020,0.16,,72,86,58,,
CA006131983,"DELHI CS, ON CA",02-08-2020,0.88,,70,77,63,23,107.4
CA006131983,"DELHI CS, ON CA",03-08-2020,0,,69,79,60,,
CA006131983,"DELHI CS, ON CA",04-08-2020,0.53,,69,77,60,32,78.3
CA006131983,"DELHI CS, ON CA",05-08-2020,0,,63,72,54,29,73.8
CA006131983,"DELHI CS, ON CA",06-08-2020,0,,65,77,52,,
CA006131983,"DELHI CS, ON CA",07-08-2020,0,,66,80,53,,
CA006131983,"DELHI CS, ON CA",08-08-2020,0,,67,80,53,,
CA006131983,"DELHI CS, ON CA",09-08-2020,0.12,,69,80,59,,
CA006131983,"DELHI CS, ON CA",10-08-2020,0,,76,85,67,,
CA006131983,"DELHI CS, ON CA",11-08-2020,0,,69,81,56,26,71.6
CA006131983,"DELHI CS, ON CA",12-08-2020,0,,67,83,52,,
CA006131983,"DELHI CS, ON CA",13-08-2020,0,,72,87,56,,
CA006131983,"DELHI CS, ON CA",14-08-2020,0,,74,87,60,35,78.3
CA006131983,"DELHI CS, ON CA",17-08-2020,0.55,,65,76,54,21,73.8
CA006131983,"DELHI CS, ON CA",18-08-2020,0,,63,76,51,30,82.8
CA006131983,"DELHI CS, ON CA",19-08-2020,0,,60,74,47,,
CA006131983,"DELHI CS, ON CA",21-08-2020,0,,68,83,54,,
CA006131983,"DELHI CS, ON CA",22-08-2020,0,,72,87,58,,
CA006131983,"DELHI CS, ON CA",23-08-2020,0,,72,87,57,,
CA006131983,"DELHI CS, ON CA",24-08-2020,0.09,,74,87,62,32,120.8
CA006131983,"DELHI CS, ON CA",25-08-2020,0,,70,82,58,32,80.5
CA006131983,"DELHI CS, ON CA",26-08-2020,0,,65,75,55,,
CA006131983,"DELHI CS, ON CA",27-08-2020,0.3,,74,87,62,30,165.5
CA006131983,"DELHI CS, ON CA",28-08-2020,1.03,,66,73,59,,
CA006131983,"DELHI CS, ON CA",29-08-2020,0.08,,67,74,61,30,107.4
CA006131983,"DELHI CS, ON CA",30-08-2020,0,,65,75,56,,
CA006131983,"DELHI CS, ON CA",31-08-2020,0,,66,78,54,,
CA006131983,"DELHI CS, ON CA",01-09-2020,0,,72,81,63,,
CA006131983,"DELHI CS, ON CA",02-09-2020,0,,69,81,57,29,69.3
CA006131983,"DELHI CS, ON CA",03-09-2020,0,,66,80,53,20,91.7
CA006131983,"DELHI CS, ON CA",04-09-2020,0,,62,74,51,29,76.1
CA006131983,"DELHI CS, ON CA",05-09-2020,0.12,,57,66,48,,
CA006131983,"DELHI CS, ON CA",06-09-2020,0.01,,57,70,44,19,80.5
CA006131983,"DELHI CS, ON CA",07-09-2020,0.69,,67,72,61,20,111.8
CA006131983,"DELHI CS, ON CA",08-09-2020,0,,64,71,57,,
CA006131983,"DELHI CS, ON CA",09-09-2020,0,,66,74,58,,
CA006131983,"DELHI CS, ON CA",10-09-2020,0,,65,72,57,,
CA006131983,"DELHI CS, ON CA",11-09-2020,0,,57,65,49,,
CA006131983,"DELHI CS, ON CA",12-09-2020,0,,62,76,48,15,71.6
CA006131983,"DELHI CS, ON CA",13-09-2020,0.89,,67,76,58,32,78.3
CA006131983,"DELHI CS, ON CA",26-09-2020,0,,63,77,49,21,76.1
CA006131983,"DELHI CS, ON CA",27-09-2020,0,,70,76,63,24,96.2
CA006131983,"DELHI CS, ON CA",29-09-2020,0,,58,64,52,,
CA006131983,"DELHI CS, ON CA",30-09-2020,0.3,,54,61,48,26,98.4
CA006131983,"DELHI CS, ON CA",01-10-2020,0.12,,53,60,46,,
CA006131983,"DELHI CS, ON CA",02-10-2020,0.03,,48,55,41,,
CA006131983,"DELHI CS, ON CA",03-10-2020,0.07,,47,56,38,,
CA006131983,"DELHI CS, ON CA",04-10-2020,0.36,,46,52,41,,
CA006131983,"DELHI CS, ON CA",05-10-2020,0,,49,58,40,,
CA006131983,"DELHI CS, ON CA",06-10-2020,0,,56,63,49,23,109.6
CA006131983,"DELHI CS, ON CA",07-10-2020,0.21,,55,64,45,35,123
CA006131983,"DELHI CS, ON CA",08-10-2020,0,,51,62,40,,
CA006131983,"DELHI CS, ON CA",09-10-2020,0,,51,67,36,22,69.3
CA006131983,"DELHI CS, ON CA",10-10-2020,0,,58,71,44,22,102.9
CA006131983,"DELHI CS, ON CA",11-10-2020,0,,50,58,42,,
CA006131983,"DELHI CS, ON CA",12-10-2020,0.28,,58,68,47,17,87.2
CA006131983,"DELHI CS, ON CA",13-10-2020,0.17,,55,63,47,33,82.8
CA006131983,"DELHI CS, ON CA",14-10-2020,0,,52,63,42,23,82.8
CA006131983,"DELHI CS, ON CA",15-10-2020,0.57,,54,65,43,19,85
CA006131983,"DELHI CS, ON CA",16-10-2020,0.03,,43,51,35,30,78.3
CA006131983,"DELHI CS, ON CA",17-10-2020,0.09,,46,54,37,28,125.3
CA006131983,"DELHI CS, ON CA",18-10-2020,0.02,,51,56,45,34,91.7
CA006131983,"DELHI CS, ON CA",19-10-2020,0.4,,45,47,42,,
CA006131983,"DELHI CS, ON CA",20-10-2020,0.17,,49,55,42,,
CA006131983,"DELHI CS, ON CA",21-10-2020,0.26,,53,63,42,25,96.2
CA006131983,"DELHI CS, ON CA",22-10-2020,0.22,,50,55,44,,
CA006131983,"DELHI CS, ON CA",23-10-2020,0.31,,61,76,45,21,100.7
CA006131983,"DELHI CS, ON CA",24-10-2020,0,,40,47,33,32,82.8
CA006131983,"DELHI CS, ON CA",25-10-2020,0,,39,47,32,,
CA006131983,"DELHI CS, ON CA",26-10-2020,0.01,,43,47,40,,
CA006131983,"DELHI CS, ON CA",27-10-2020,0.15,,41,46,37,,
CA006131983,"DELHI CS, ON CA",28-10-2020,0.01,,44,51,37,25,73.8
CA006131983,"DELHI CS, ON CA",29-10-2020,0,,44,52,37,,
CA006131983,"DELHI CS, ON CA",30-10-2020,0.06,,35,42,28,33,69.3
CA006131983,"DELHI CS, ON CA",31-10-2020,0,,36,47,24,,
CA006131983,"DELHI CS, ON CA",01-11-2020,0.22,,42,53,31,34,111.8
CA006131983,"DELHI CS, ON CA",02-11-2020,0,0,36,42,30,34,127.5
CA006131983,"DELHI CS, ON CA",03-11-2020,0,,44,52,36,,
CA006131983,"DELHI CS, ON CA",04-11-2020,0,,57,65,49,24,100.7
CA006131983,"DELHI CS, ON CA",05-11-2020,0,,58,62,54,23,89.5
CA006131983,"DELHI CS, ON CA",06-11-2020,0,,56,63,49,,
CA006131983,"DELHI CS, ON CA",07-11-2020,0,,52,65,38,,
CA006131983,"DELHI CS, ON CA",08-11-2020,0,,53,72,35,,
CA006131983,"DELHI CS, ON CA",09-11-2020,0,,56,72,40,,
CA006131983,"DELHI CS, ON CA",10-11-2020,0,,60,73,47,24,69.3
CA006131983,"DELHI CS, ON CA",11-11-2020,0.06,,51,69,33,22,94
CA006131983,"DELHI CS, ON CA",12-11-2020,0,,40,49,30,,
CA006131983,"DELHI CS, ON CA",13-11-2020,0,,40,50,30,28,69.3
CA006131983,"DELHI CS, ON CA",14-11-2020,0,,35,43,26,,
CA006131983,"DELHI CS, ON CA",15-11-2020,0.7,,48,56,40,27,167.8
CA006131983,"DELHI CS, ON CA",16-11-2020,0,,37,41,32,26,94
CA006131983,"DELHI CS, ON CA",17-11-2020,0,,31,36,27,33,120.8
CA006131983,"DELHI CS, ON CA",18-11-2020,0,,32,40,25,,
CA006131983,"DELHI CS, ON CA",19-11-2020,0,,49,60,39,27,127.5
CA006131983,"DELHI CS, ON CA",20-11-2020,0,,47,58,37,25,107.4
CA006131983,"DELHI CS, ON CA",21-11-2020,0,,33,41,25,,
CA006131983,"DELHI CS, ON CA",22-11-2020,0.69,,29,33,24,,
CA006131983,"DELHI CS, ON CA",23-11-2020,0,2,34,38,30,,
CA006131983,"DELHI CS, ON CA",24-11-2020,0.15,1.2,33,36,29,,
CA006131983,"DELHI CS, ON CA",25-11-2020,0.36,2,41,49,33,,
CA006131983,"DELHI CS, ON CA",26-11-2020,0.13,,47,51,43,,
CA006131983,"DELHI CS, ON CA",27-11-2020,0,,43,45,41,,
CA006131983,"DELHI CS, ON CA",28-11-2020,0,,38,42,33,,
CA006131983,"DELHI CS, ON CA",29-11-2020,0,,41,49,33,24,78.3
CA006131983,"DELHI CS, ON CA",30-11-2020,0.58,,36,40,31,35,87.2
CA006131983,"DELHI CS, ON CA",01-12-2020,0.46,3.1,30,31,29,35,78.3
CA006131983,"DELHI CS, ON CA",02-12-2020,0.01,3.1,33,37,29,34,96.2
CA006131983,"DELHI CS, ON CA",03-12-2020,0,2.4,38,42,34,27,94
CA006131983,"DELHI CS, ON CA",04-12-2020,0,0.4,36,42,31,25,78.3
CA006131983,"DELHI CS, ON CA",05-12-2020,0,,30,35,25,2,82.8
CA006131983,"DELHI CS, ON CA",06-12-2020,0,,26,30,22,,
CA006131983,"DELHI CS, ON CA",07-12-2020,0,,27,34,20,34,69.3
CA006131983,"DELHI CS, ON CA",08-12-2020,0,,28,36,20,27,80.5
CA006131983,"DELHI CS, ON CA",09-12-2020,0,,36,38,34,25,78.3
CA006131983,"DELHI CS, ON CA",10-12-2020,0,,37,44,30,,
CA006131983,"DELHI CS, ON CA",11-12-2020,0,,40,50,30,,
CA006131983,"DELHI CS, ON CA",12-12-2020,0.47,,46,53,38,25,96.2
CA006131983,"DELHI CS, ON CA",13-12-2020,0.02,,35,39,31,32,73.8
CA006131983,"DELHI CS, ON CA",14-12-2020,0,,30,35,26,31,85
CA006131983,"DELHI CS, ON CA",15-12-2020,0,,26,29,23,,
CA006131983,"DELHI CS, ON CA",16-12-2020,0.01,,24,26,22,12,69.3
CA006131983,"DELHI CS, ON CA",17-12-2020,0.02,,24,26,22,,
CA006131983,"DELHI CS, ON CA",18-12-2020,0,,26,33,20,,
CA006131983,"DELHI CS, ON CA",19-12-2020,0.11,,33,37,29,,
CA006131983,"DELHI CS, ON CA",20-12-2020,0.1,,35,39,31,,
CA006131983,"DELHI CS, ON CA",21-12-2020,0.01,,35,38,32,,
CA006131983,"DELHI CS, ON CA",22-12-2020,0.01,,33,37,29,34,85
CA006131983,"DELHI CS, ON CA",23-12-2020,0.2,,39,48,29,21,91.7
CA006131983,"DELHI CS, ON CA",24-12-2020,0.56,,37,49,24,20,114.1
CA006131983,"DELHI CS, ON CA",25-12-2020,0.24,2.8,23,26,20,24,87.2
CA006131983,"DELHI CS, ON CA",26-12-2020,0.02,2.8,23,26,20,28,89.5
CA006131983,"DELHI CS, ON CA",27-12-2020,0.19,2.8,33,40,25,17,76.1
CA006131983,"DELHI CS, ON CA",28-12-2020,0.35,0.4,34,42,27,28,102.9
CA006131983,"DELHI CS, ON CA",29-12-2020,0,,24,28,19,,
CA006131983,"DELHI CS, ON CA",30-12-2020,0.73,,35,42,27,22,85
CA006131983,"DELHI CS, ON CA",31-12-2020,0,,28,34,22,31,87.2
CA006131983,"DELHI CS, ON CA",01-01-2021,0.04,,27,34,20,,
CA006131983,"DELHI CS, ON CA",02-01-2021,0.78,,32,33,21,,
CA006131983,"DELHI CS, ON CA",03-01-2021,0.13,,31,33,30,,
CA006131983,"DELHI CS, ON CA",04-01-2021,0,0.4,32,,,,
CA006131983,"DELHI CS, ON CA",05-01-2021,0,,33,35,29,,
CA006131983,"DELHI CS, ON CA",06-01-2021,0,,32,35,27,,
CA006131983,"DELHI CS, ON CA",07-01-2021,0,,31,36,28,,
CA006131983,"DELHI CS, ON CA",08-01-2021,0,,22,32,16,,
CA006131983,"DELHI CS, ON CA",09-01-2021,0,,26,40,15,,
CA006131983,"DELHI CS, ON CA",10-01-2021,0,,27,41,18,,
CA006131983,"DELHI CS, ON CA",11-01-2021,0,,27,36,18,,
CA006131983,"DELHI CS, ON CA",12-01-2021,,,28,31,20,,
CA006131983,"DELHI CS, ON CA",13-01-2021,0,,33,,,,
CA006131983,"DELHI CS, ON CA",14-01-2021,0,,35,,,,
CA006131983,"DELHI CS, ON CA",15-01-2021,0,,36,,,,
CA006131983,"DELHI CS, ON CA",16-01-2021,0.13,,33,42,27,,
CA006131983,"DELHI CS, ON CA",17-01-2021,0,,33,36,26,,
CA006131983,"DELHI CS, ON CA",18-01-2021,0.03,,31,35,28,,
CA006131983,"DELHI CS, ON CA",19-01-2021,0.03,,30,33,26,,
CA006131983,"DELHI CS, ON CA",20-01-2021,0.06,,24,31,20,,
CA006131983,"DELHI CS, ON CA",21-01-2021,0,,30,37,20,,
CA006131983,"DELHI CS, ON CA",22-01-2021,0.04,,30,,,,
CA006131983,"DELHI CS, ON CA",23-01-2021,0.01,,20,34,16,,
CA006131983,"DELHI CS, ON CA",24-01-2021,0,,20,26,11,,
CA006131983,"DELHI CS, ON CA",25-01-2021,0,,25,,,,
CA006131983,"DELHI CS, ON CA",26-01-2021,0.23,,29,33,16,,
CA006131983,"DELHI CS, ON CA",27-01-2021,0.03,0.8,24,31,14,,
CA006131983,"DELHI CS, ON CA",28-01-2021,0,0.8,15,26,6,,
CA006131983,"DELHI CS, ON CA",29-01-2021,0.03,1.2,18,,,,
CA006131983,"DELHI CS, ON CA",30-01-2021,0,,22,27,11,,
CA006131983,"DELHI CS, ON CA",31-01-2021,0,,23,27,17,,
CA006131983,"DELHI CS, ON CA",01-02-2021,0,0.8,22,27,18,,
CA006131983,"DELHI CS, ON CA",02-02-2021,0,1.2,22,,,,
CA006131983,"DELHI CS, ON CA",03-02-2021,0,1.2,25,,,,
CA006131983,"DELHI CS, ON CA",04-02-2021,0,0.8,23,,,,
CA006131983,"DELHI CS, ON CA",05-02-2021,0.59,2.8,27,36,11,,
CA006131983,"DELHI CS, ON CA",06-02-2021,0.01,3.1,17,,,,
CA006131983,"DELHI CS, ON CA",07-02-2021,0.03,3.1,15,,,,
CA006131983,"DELHI CS, ON CA",08-02-2021,0,3.1,6,,,,
CA006131983,"DELHI CS, ON CA",09-02-2021,0.08,5.1,16,,,,
CA006131983,"DELHI CS, ON CA",10-02-2021,0.03,,6,,,,
CA006131983,"DELHI CS, ON CA",13-02-2021,0.07,3.5,16,21,9,,
CA006131983,"DELHI CS, ON CA",14-02-2021,0.04,,15,24,1,,
CA006131983,"DELHI CS, ON CA",15-02-2021,0,,17,24,1,,
CA006131983,"DELHI CS, ON CA",16-02-2021,0.54,7.9,17,24,8,,
CA006131983,"DELHI CS, ON CA",17-02-2021,0,8.3,9,,,,
CA006131983,"DELHI CS, ON CA",18-02-2021,0,7.9,19,,,,
CA006131983,"DELHI CS, ON CA",19-02-2021,0.02,,22,27,13,,
CA006131983,"DELHI CS, ON CA",21-02-2021,0,,25,,,,
CA006131983,"DELHI CS, ON CA",22-02-2021,0.41,9.4,31,,,,
CA006131983,"DELHI CS, ON CA",23-02-2021,0.22,,34,,,,
CA006131983,"DELHI CS, ON CA",24-02-2021,0,,37,47,29,,
CA006131983,"DELHI CS, ON CA",25-02-2021,0,5.5,31,47,25,,
CA006131983,"DELHI CS, ON CA",26-02-2021,0,5.1,28,,,,
CA006131983,"DELHI CS, ON CA",27-02-2021,0.28,,33,41,13,,
CA006131983,"DELHI CS, ON CA",28-02-2021,0.02,,33,,,,
CA006131983,"DELHI CS, ON CA",01-03-2021,0.01,2,35,,,,
CA006131983,"DELHI CS, ON CA",02-03-2021,0,1.6,21,40,17,,
CA006131983,"DELHI CS, ON CA",03-03-2021,0,,35,,,,
CA006131983,"DELHI CS, ON CA",04-03-2021,0,,30,,,,
CA006131983,"DELHI CS, ON CA",05-03-2021,0,,22,33,15,,
CA006131983,"DELHI CS, ON CA",06-03-2021,0,,27,32,16,,
CA006131983,"DELHI CS, ON CA",07-03-2021,0,,22,,,,
CA006131983,"DELHI CS, ON CA",08-03-2021,0,0.4,29,,,,
CA006131983,"DELHI CS, ON CA",09-03-2021,0,0.4,41,,,,
CA006131983,"DELHI CS, ON CA",10-03-2021,0,0.4,42,,,,
CA006131983,"DELHI CS, ON CA",11-03-2021,0.02,,59,,,,
CA006131983,"DELHI CS, ON CA",12-03-2021,0,,44,63,35,,
CA006131983,"DELHI CS, ON CA",13-03-2021,0,,30,52,24,,
CA006131983,"DELHI CS, ON CA",14-03-2021,0,,35,40,23,,
CA006131983,"DELHI CS, ON CA",15-03-2021,0,,25,40,16,,
CA006131983,"DELHI CS, ON CA",16-03-2021,0.1,,31,,,,
CA006131983,"DELHI CS, ON CA",17-03-2021,0,,39,,,,
CA006131983,"DELHI CS, ON CA",18-03-2021,0.02,,41,54,28,,
CA006131983,"DELHI CS, ON CA",19-03-2021,0,,33,43,24,,
CA006131983,"DELHI CS, ON CA",20-03-2021,0,,35,,,,
CA006131983,"DELHI CS, ON CA",21-03-2021,0,,40,,,,
CA006131983,"DELHI CS, ON CA",22-03-2021,0,,45,,,,
CA006131983,"DELHI CS, ON CA",23-03-2021,0,,47,66,26,,
CA006131983,"DELHI CS, ON CA",24-03-2021,0,,56,68,31,,
CA006131983,"DELHI CS, ON CA",25-03-2021,0.04,,55,69,41,,
CA006131983,"DELHI CS, ON CA",26-03-2021,1.15,,48,,,,
CA006131983,"DELHI CS, ON CA",27-03-2021,0,,45,,,,
CA006131983,"DELHI CS, ON CA",28-03-2021,0.38,,43,58,38,,
CA006131983,"DELHI CS, ON CA",29-03-2021,0.03,,35,51,32,,
CA006131983,"DELHI CS, ON CA",30-03-2021,0,,47,,,,
CA006131983,"DELHI CS, ON CA",31-03-2021,0.05,,51,67,36,,
CA006131983,"DELHI CS, ON CA",07-04-2021,0,,54,70,39,,
CA006131983,"DELHI CS, ON CA",08-04-2021,0,,61,78,44,25,80.5
CA006131983,"DELHI CS, ON CA",09-04-2021,0.03,0,63,72,53,22,78.3
CA006131983,"DELHI CS, ON CA",10-04-2021,0.02,,62,78,47,18,78.3
CA006131983,"DELHI CS, ON CA",11-04-2021,0.98,0,59,67,50,15,96.2
CA006131983,"DELHI CS, ON CA",12-04-2021,0.19,,53,60,45,,
CA006131983,"DELHI CS, ON CA",13-04-2021,0,,51,62,41,,
CA006131983,"DELHI CS, ON CA",14-04-2021,0.01,,47,57,37,34,71.6
CA006131983,"DELHI CS, ON CA",15-04-2021,0.11,,39,44,35,34,80.5
CA006131983,"DELHI CS, ON CA",16-04-2021,0,,40,42,38,34,78.3
CA006131983,"DELHI CS, ON CA",17-04-2021,0,,45,53,38,,
CA006131983,"DELHI CS, ON CA",18-04-2021,0,,49,58,39,25,73.8
CA006131983,"DELHI CS, ON CA",19-04-2021,0.24,,51,62,40,24,87.2
CA006131983,"DELHI CS, ON CA",20-04-2021,0.23,,35,40,30,29,73.8
CA006131983,"DELHI CS, ON CA",21-04-2021,0.23,3.5,31,36,26,31,76.1
CA006131983,"DELHI CS, ON CA",22-04-2021,0,0.4,34,42,25,33,98.4
CA006131983,"DELHI CS, ON CA",23-04-2021,0,,45,58,32,23,78.3
CA006131983,"DELHI CS, ON CA",24-04-2021,0,,49,63,35,,
CA006131983,"DELHI CS, ON CA",25-04-2021,0.02,,39,51,28,35,102.9
CA006131983,"DELHI CS, ON CA",26-04-2021,0,,37,48,26,,
CA006131983,"DELHI CS, ON CA",27-04-2021,0,,56,73,39,,
CA006131983,"DELHI CS, ON CA",28-04-2021,0.05,,59,75,43,27,91.7
CA006131983,"DELHI CS, ON CA",29-04-2021,0.37,,50,55,45,,
CA006131983,"DELHI CS, ON CA",30-04-2021,0,,43,49,37,33,138.7
CA006131983,"DELHI CS, ON CA",01-05-2021,0,,43,57,29,23,91.7
CA006131983,"DELHI CS, ON CA",02-05-2021,0,,63,76,51,27,80.5
CA006131983,"DELHI CS, ON CA",03-05-2021,0.13,,53,62,44,,
CA006131983,"DELHI CS, ON CA",04-05-2021,0.03,,53,63,44,34,71.6
CA006131983,"DELHI CS, ON CA",05-05-2021,0,,45,53,38,32,89.5
CA006131983,"DELHI CS, ON CA",06-05-2021,0.13,,45,58,33,34,80.5
CA006131983,"DELHI CS, ON CA",07-05-2021,0.07,,46,52,40,,
CA006131983,"DELHI CS, ON CA",08-05-2021,0.01,,44,55,33,32,76.1
CA006131983,"DELHI CS, ON CA",09-05-2021,0,,41,51,31,,
CA006131983,"DELHI CS, ON CA",10-05-2021,0,,44,56,32,33,82.8
CA006131983,"DELHI CS, ON CA",11-05-2021,0,,41,50,33,33,94
CA006131983,"DELHI CS, ON CA",12-05-2021,0,,50,64,35,5,82.8
CA006131983,"DELHI CS, ON CA",13-05-2021,0,,50,68,32,,
CA006131983,"DELHI CS, ON CA",14-05-2021,0,,50,69,32,30,71.6
CA006131983,"DELHI CS, ON CA",15-05-2021,0,,54,72,36,24,73.8
CA006131983,"DELHI CS, ON CA",16-05-2021,0,,54,69,38,,
CA006131983,"DELHI CS, ON CA",17-05-2021,0,,56,74,37,,
CA006131983,"DELHI CS, ON CA",18-05-2021,0,,60,79,40,,
CA006131983,"DELHI CS, ON CA",19-05-2021,0,,63,83,44,,
CA006131983,"DELHI CS, ON CA",20-05-2021,0,,70,88,53,,
CA006131983,"DELHI CS, ON CA",21-05-2021,0,,71,87,55,28,73.8
CA006131983,"DELHI CS, ON CA",22-05-2021,0.01,,68,79,57,32,78.3
CA006131983,"DELHI CS, ON CA",23-05-2021,0,,71,83,59,34,71.6
CA006131983,"DELHI CS, ON CA",24-05-2021,0,,67,79,56,,
CA006131983,"DELHI CS, ON CA",25-05-2021,0,,71,87,54,26,96.2
CA006131983,"DELHI CS, ON CA",26-05-2021,0.2,,61,74,49,35,82.8
CA006131983,"DELHI CS, ON CA",27-05-2021,0,,54,68,41,,
CA006131983,"DELHI CS, ON CA",28-05-2021,0.83,,44,50,38,10,91.7
CA006131983,"DELHI CS, ON CA",29-05-2021,0,,50,61,39,4,85
CA006131983,"DELHI CS, ON CA",30-05-2021,0,,52,68,36,,
CA006131983,"DELHI CS, ON CA",31-05-2021,0,,55,72,38,,
CA006131983,"DELHI CS, ON CA",01-06-2021,0,,63,77,49,,
CA006131983,"DELHI CS, ON CA",02-06-2021,0.31,,60,76,45,,
CA006131983,"DELHI CS, ON CA",03-06-2021,0.58,,66,73,59,,
CA006131983,"DELHI CS, ON CA",04-06-2021,0,,68,78,59,23,76.1
CA006131983,"DELHI CS, ON CA",05-06-2021,0,,74,83,64,25,94
CA006131983,"DELHI CS, ON CA",06-06-2021,0,,75,86,64,23,71.6
CA006131983,"DELHI CS, ON CA",07-06-2021,0.06,,74,83,65,24,69.3
CA006131983,"DELHI CS, ON CA",08-06-2021,0.12,,77,86,67,,
CA006131983,"DELHI CS, ON CA",09-06-2021,0.25,,77,88,66,,
CA006131983,"DELHI CS, ON CA",10-06-2021,0,,71,82,61,,
CA006131983,"DELHI CS, ON CA",11-06-2021,0,,72,85,59,,
CA006131983,"DELHI CS, ON CA",12-06-2021,0,,70,80,60,,
CA006131983,"DELHI CS, ON CA",13-06-2021,0,,71,83,58,36,100.7
CA006131983,"DELHI CS, ON CA",14-06-2021,0.16,,67,76,58,31,73.8
CA006131983,"DELHI CS, ON CA",15-06-2021,0,,63,75,50,34,94
CA006131983,"DELHI CS, ON CA",16-06-2021,0,,58,73,43,33,152.1
CA006131983,"DELHI CS, ON CA",17-06-2021,0,,58,77,38,,
CA006131983,"DELHI CS, ON CA",18-06-2021,0.12,,68,76,60,26,82.8
CA006131983,"DELHI CS, ON CA",19-06-2021,0,,69,81,56,33,78.3
CA006131983,"DELHI CS, ON CA",20-06-2021,0.33,,69,85,53,28,87.2
CA006131983,"DELHI CS, ON CA",21-06-2021,0.31,,67,81,53,34,120.8
CA006131983,"DELHI CS, ON CA",24-06-2021,0,,69,81,57,20,102.9
CA006131983,"DELHI CS, ON CA",25-06-2021,0.72,,74,80,68,23,87.2
CA006131983,"DELHI CS, ON CA",26-06-2021,2.15,,75,82,68,23,120.8
CA006131983,"DELHI CS, ON CA",27-06-2021,0,,80,86,73,24,107.4
CA006131983,"DELHI CS, ON CA",28-06-2021,0,,79,88,71,,
CA006131983,"DELHI CS, ON CA",29-06-2021,0,,80,90,69,31,107.4
CA006131983,"DELHI CS, ON CA",30-06-2021,0.08,,74,80,67,,
CA006131983,"DELHI CS, ON CA",01-07-2021,0.07,,70,81,59,1,87.2
CA006131983,"DELHI CS, ON CA",02-07-2021,0.69,,64,72,56,14,174.5
CA006131983,"DELHI CS, ON CA",03-07-2021,0,,65,77,53,,
CA006131983,"DELHI CS, ON CA",04-07-2021,0,,69,81,56,,
CA006131983,"DELHI CS, ON CA",05-07-2021,0,,74,86,61,24,85
CA006131983,"DELHI CS, ON CA",06-07-2021,0,,79,88,71,,
CA006131983,"DELHI CS, ON CA",07-07-2021,0.36,,74,87,61,,
CA006131983,"DELHI CS, ON CA",08-07-2021,0.39,,68,76,61,,
CA006131983,"DELHI CS, ON CA",09-07-2021,0.02,,63,66,60,,
CA006131983,"DELHI CS, ON CA",10-07-2021,0,,66,73,59,,
CA006131983,"DELHI CS, ON CA",11-07-2021,0.16,,63,68,59,,
CA006131983,"DELHI CS, ON CA",12-07-2021,0,,69,75,64,,
CA006131983,"DELHI CS, ON CA",13-07-2021,0,,73,82,63,20,80.5
CA006131983,"DELHI CS, ON CA",14-07-2021,0,,74,83,66,,
CA006131983,"DELHI CS, ON CA",15-07-2021,0,,73,84,63,25,100.7
CA006131983,"DELHI CS, ON CA",16-07-2021,0.33,,66,71,62,,
CA006131983,"DELHI CS, ON CA",17-07-2021,0.94,,64,71,58,,
CA006131983,"DELHI CS, ON CA",18-07-2021,0,,71,86,55,35,73.8
CA006131983,"DELHI CS, ON CA",19-07-2021,0,,71,85,57,,
CA006131983,"DELHI CS, ON CA",20-07-2021,0,,73,84,62,,
CA006131983,"DELHI CS, ON CA",21-07-2021,0,,67,78,56,,
CA006131983,"DELHI CS, ON CA",22-07-2021,0,,65,78,52,,
CA006131983,"DELHI CS, ON CA",23-07-2021,0,,69,80,57,,
CA006131983,"DELHI CS, ON CA",24-07-2021,0.87,,66,76,56,25,73.8
CA006131983,"DELHI CS, ON CA",25-07-2021,0,,74,83,64,,
CA006131983,"DELHI CS, ON CA",26-07-2021,0,,74,87,60,,
CA006131983,"DELHI CS, ON CA",27-07-2021,0,,71,81,60,,
CA006131983,"DELHI CS, ON CA",28-07-2021,0,,69,80,59,,
CA006131983,"DELHI CS, ON CA",29-07-2021,0.76,,71,83,58,17,154.3
CA006131983,"DELHI CS, ON CA",30-07-2021,0,,61,72,49,32,69.3
CA006131983,"DELHI CS, ON CA",31-07-2021,0,,59,72,46,,
CA006131983,"DELHI CS, ON CA",01-08-2021,0.18,,65,74,56,32,243.8
CA006131983,"DELHI CS, ON CA",02-08-2021,0,,63,76,50,,
CA006131983,"DELHI CS, ON CA",03-08-2021,0,,63,76,51,,
CA006131983,"DELHI CS, ON CA",04-08-2021,0,,66,81,51,,
CA006131983,"DELHI CS, ON CA",05-08-2021,0,,68,82,53,,
CA006131983,"DELHI CS, ON CA",06-08-2021,0,,69,83,54,24,69.3
CA006131983,"DELHI CS, ON CA",07-08-2021,0,,73,84,62,,
CA006131983,"DELHI CS, ON CA",08-08-2021,0,,71,81,62,,
CA006131983,"DELHI CS, ON CA",09-08-2021,0,,78,89,67,20,73.8
CA006131983,"DELHI CS, ON CA",10-08-2021,0.05,,76,81,71,25,80.5
CA006131983,"DELHI CS, ON CA",11-08-2021,1.05,,75,82,69,25,100.7
CA006131983,"DELHI CS, ON CA",12-08-2021,0.17,,76,84,69,23,71.6
CA006131983,"DELHI CS, ON CA",13-08-2021,0.01,,74,81,67,,
CA006131983,"DELHI CS, ON CA",14-08-2021,0,,62,75,49,,
CA006131983,"DELHI CS, ON CA",15-08-2021,0,,61,75,47,,
CA006131983,"DELHI CS, ON CA",16-08-2021,0.01,,66,77,54,,
CA006131983,"DELHI CS, ON CA",17-08-2021,0.36,,72,79,65,,
CA006131983,"DELHI CS, ON CA",18-08-2021,0.04,,72,79,65,,
CA006131983,"DELHI CS, ON CA",19-08-2021,0,,72,83,61,,
CA006131983,"DELHI CS, ON CA",20-08-2021,0,,71,85,56,,
CA006131983,"DELHI CS, ON CA",21-08-2021,0.02,,74,85,63,,
CA006131983,"DELHI CS, ON CA",22-08-2021,0,,75,88,62,,
CA006131983,"DELHI CS, ON CA",23-08-2021,0,,76,87,64,,
CA006131983,"DELHI CS, ON CA",24-08-2021,0,,72,86,58,,
CA006131983,"DELHI CS, ON CA",25-08-2021,0.3,,74,81,66,23,69.3
CA006131983,"DELHI CS, ON CA",26-08-2021,0,,78,88,67,,
CA006131983,"DELHI CS, ON CA",27-08-2021,0,,74,82,65,,
CA006131983,"DELHI CS, ON CA",28-08-2021,0,,76,87,64,,
CA006131983,"DELHI CS, ON CA",29-08-2021,0.47,,77,89,66,35,76.1
CA006131983,"DELHI CS, ON CA",30-08-2021,0.08,,71,81,60,,
CA006131983,"DELHI CS, ON CA",31-08-2021,0,,67,78,57,,
CA006131983,"DELHI CS, ON CA",01-09-2021,0,,65,75,56,,
CA006131983,"DELHI CS, ON CA",02-09-2021,0,,61,73,49,34,73.8
CA006131983,"DELHI CS, ON CA",03-09-2021,0,,60,74,46,,
CA006131983,"DELHI CS, ON CA",04-09-2021,0.33,,64,77,51,27,105.1
CA006131983,"DELHI CS, ON CA",05-09-2021,0.01,,69,77,60,,
CA006131983,"DELHI CS, ON CA",06-09-2021,0.02,,62,73,50,29,78.3
CA006131983,"DELHI CS, ON CA",07-09-2021,1.41,,64,80,48,15,87.2
CA006131983,"DELHI CS, ON CA",08-09-2021,0.51,,67,77,56,25,89.5
CA006131983,"DELHI CS, ON CA",09-09-2021,0.02,,60,70,50,36,71.6
CA006131983,"DELHI CS, ON CA",10-09-2021,0,,60,73,48,,
CA006131983,"DELHI CS, ON CA",11-09-2021,0,,63,77,51,26,91.7
CA006131983,"DELHI CS, ON CA",12-09-2021,0.48,,69,76,62,32,114.1
CA006131983,"DELHI CS, ON CA",13-09-2021,0.2,,64,73,55,9,136.5
CA006131983,"DELHI CS, ON CA",14-09-2021,0.1,,71,82,60,28,125.3
CA006131983,"DELHI CS, ON CA",15-09-2021,0,,63,73,54,,
CA006131983,"DELHI CS, ON CA",16-09-2021,0,,64,76,52,,
CA006131983,"DELHI CS, ON CA",17-09-2021,0,,67,81,54,,
CA006131983,"DELHI CS, ON CA",18-09-2021,0,,65,78,52,,
CA006131983,"DELHI CS, ON CA",19-09-2021,0,,59,74,45,,
CA006131983,"DELHI CS, ON CA",20-09-2021,0,,62,77,48,20,85
CA006131983,"DELHI CS, ON CA",21-09-2021,0.39,,71,76,67,20,96.2
CA006131983,"DELHI CS, ON CA",22-09-2021,2.09,,61,67,55,4,78.3
CA006131983,"DELHI CS, ON CA",23-09-2021,0.17,,56,60,52,21,85
CA006131983,"DELHI CS, ON CA",24-09-2021,0,,58,67,49,26,78.3
CA006131983,"DELHI CS, ON CA",25-09-2021,0.01,,56,66,45,26,85
CA006131983,"DELHI CS, ON CA",26-09-2021,0,,55,69,41,24,80.5
CA006131983,"DELHI CS, ON CA",27-09-2021,0,,65,75,56,24,87.2
CA006131983,"DELHI CS, ON CA",28-09-2021,0,,59,69,50,,
CA006131983,"DELHI CS, ON CA",29-09-2021,0,,58,70,45,,
CA006131983,"DELHI CS, ON CA",30-09-2021,0,,53,66,40,,
CA006131983,"DELHI CS, ON CA",01-10-2021,0,,56,72,40,,
CA006131983,"DELHI CS, ON CA",02-10-2021,0,,63,76,49,,
CA006131983,"DELHI CS, ON CA",03-10-2021,1.13,,66,68,64,,
CA006131983,"DELHI CS, ON CA",04-10-2021,1.98,,61,64,58,9,105.1
CA006131983,"DELHI CS, ON CA",05-10-2021,0,,62,66,58,,
CA006131983,"DELHI CS, ON CA",06-10-2021,0,,63,69,57,,
CA006131983,"DELHI CS, ON CA",07-10-2021,0,,69,77,60,,
CA006131983,"DELHI CS, ON CA",08-10-2021,0.88,,67,74,61,,
CA006131983,"DELHI CS, ON CA",09-10-2021,0.43,,67,72,63,,
CA006131983,"DELHI CS, ON CA",10-10-2021,0,,66,71,61,,
CA006131983,"DELHI CS, ON CA",11-10-2021,0,,69,78,61,,
CA006131983,"DELHI CS, ON CA",12-10-2021,0,,67,75,60,23,71.6
CA006131983,"DELHI CS, ON CA",13-10-2021,0,,62,71,53,,
CA006131983,"DELHI CS, ON CA",14-10-2021,0.12,,64,75,53,,
CA006131983,"DELHI CS, ON CA",15-10-2021,0.85,,61,65,56,31,111.8
CA006131983,"DELHI CS, ON CA",16-10-2021,0.12,,55,61,50,31,107.4
CA006131983,"DELHI CS, ON CA",17-10-2021,0.24,,49,54,43,32,105.1
CA006131983,"DELHI CS, ON CA",18-10-2021,0,,48,58,38,35,82.8
CA006131983,"DELHI CS, ON CA",19-10-2021,0,,53,71,35,,
CA006131983,"DELHI CS, ON CA",20-10-2021,0,,58,68,48,,
CA006131983,"DELHI CS, ON CA",21-10-2021,0.47,,56,62,49,30,85
CA006131983,"DELHI CS, ON CA",22-10-2021,0,,43,49,37,21,71.6
CA006131983,"DELHI CS, ON CA",23-10-2021,0,,43,50,35,,
CA006131983,"DELHI CS, ON CA",24-10-2021,0.35,,42,54,31,,
CA006131983,"DELHI CS, ON CA",25-10-2021,0.53,,46,51,41,5,73.8
CA006131983,"DELHI CS, ON CA",26-10-2021,0.07,,44,46,40,1,91.7
CA006131983,"DELHI CS, ON CA",27-10-2021,0.02,,51,62,40,,
CA006131983,"DELHI CS, ON CA",28-10-2021,0,,47,55,39,,
CA006131983,"DELHI CS, ON CA",29-10-2021,1.44,,50,54,46,8,69.3
CA006131983,"DELHI CS, ON CA",30-10-2021,0.08,,48,50,46,,
CA006131983,"DELHI CS, ON CA",31-10-2021,0,,51,58,45,32,87.2
CA006131983,"DELHI CS, ON CA",01-11-2021,0,,42,48,36,30,98.4
CA006131983,"DELHI CS, ON CA",02-11-2021,0,,41,47,34,28,80.5
CA006131983,"DELHI CS, ON CA",03-11-2021,0.01,,37,44,31,32,71.6
CA006131983,"DELHI CS, ON CA",04-11-2021,0,,33,40,26,,
CA006131983,"DELHI CS, ON CA",05-11-2021,0,,37,49,25,,
CA006131983,"DELHI CS, ON CA",06-11-2021,0,,40,52,29,,
CA006131983,"DELHI CS, ON CA",07-11-2021,0,,44,60,29,,
CA006131983,"DELHI CS, ON CA",08-11-2021,0,,48,63,34,24,78.3
CA006131983,"DELHI CS, ON CA",09-11-2021,0.07,,50,58,41,,
CA006131983,"DELHI CS, ON CA",10-11-2021,0,,44,56,31,,
CA006131983,"DELHI CS, ON CA",11-11-2021,0.16,,49,62,35,,
CA006131983,"DELHI CS, ON CA",12-11-2021,0.05,,46,53,38,1,201.3
CA006131983,"DELHI CS, ON CA",13-11-2021,0,,39,45,33,27,82.8
CA006131983,"DELHI CS, ON CA",14-11-2021,0.65,,35,38,32,18,87.2
CA006131983,"DELHI CS, ON CA",15-11-2021,0.04,1.2,36,39,32,28,73.8
CA006131983,"DELHI CS, ON CA",16-11-2021,0,0,36,42,29,,
CA006131983,"DELHI CS, ON CA",17-11-2021,0.19,,48,62,33,25,100.7
CA006131983,"DELHI CS, ON CA",18-11-2021,0.05,,45,57,33,31,98.4
CA006131983,"DELHI CS, ON CA",19-11-2021,0,,34,41,27,33,80.5
CA006131983,"DELHI CS, ON CA",20-11-2021,0,,37,43,30,,
CA006131983,"DELHI CS, ON CA",21-11-2021,0.34,,37,47,28,31,114.1
CA006131983,"DELHI CS, ON CA",22-11-2021,0,,33,38,27,31,100.7
CA006131983,"DELHI CS, ON CA",23-11-2021,0,,30,37,22,,
CA006131983,"DELHI CS, ON CA",24-11-2021,0,,35,47,23,20,78.3
CA006131983,"DELHI CS, ON CA",25-11-2021,0.33,,40,45,35,36,76.1
CA006131983,"DELHI CS, ON CA",26-11-2021,0.03,,31,35,28,34,111.8
CA006131983,"DELHI CS, ON CA",27-11-2021,0.13,,29,33,26,,
CA006131983,"DELHI CS, ON CA",28-11-2021,0.14,1.2,29,32,26,,
CA006131983,"DELHI CS, ON CA",29-11-2021,0.01,0.8,27,36,17,,
CA006131983,"DELHI CS, ON CA",30-11-2021,0.22,2,33,38,27,,
CA006131983,"DELHI CS, ON CA",01-12-2021,,1.6,,,,,
CA006131983,"DELHI CS, ON CA",02-12-2021,0.04,,43,52,33,32,120.8
CA006131983,"DELHI CS, ON CA",03-12-2021,0.02,,34,36,32,,
CA006131983,"DELHI CS, ON CA",04-12-2021,0,,33,40,27,31,105.1
CA006131983,"DELHI CS, ON CA",05-12-2021,0.94,,39,49,29,15,85
CA006131983,"DELHI CS, ON CA",06-12-2021,0.3,,40,52,28,27,114.1
CA006131983,"DELHI CS, ON CA",07-12-2021,0,,24,28,19,30,78.3
CA006131983,"DELHI CS, ON CA",08-12-2021,0.07,,23,28,18,,
CA006131983,"DELHI CS, ON CA",09-12-2021,0,0,27,36,17,,
CA006131983,"DELHI CS, ON CA",10-12-2021,0.03,,40,47,34,,
CA006131983,"DELHI CS, ON CA",11-12-2021,0.73,,48,62,34,22,132
CA006131983,"DELHI CS, ON CA",12-12-2021,0,,38,44,32,25,105.1
CA006131983,"DELHI CS, ON CA",13-12-2021,0,,40,46,34,24,91.7
CA006131983,"DELHI CS, ON CA",14-12-2021,0,,36,47,26,,
CA006131983,"DELHI CS, ON CA",15-12-2021,0.02,,45,56,35,19,85
CA006131983,"DELHI CS, ON CA",16-12-2021,0.04,,49,58,39,25,129.7
CA006131983,"DELHI CS, ON CA",17-12-2021,0,,35,40,29,,
CA006131983,"DELHI CS, ON CA",18-12-2021,0.26,,31,33,28,,
CA006131983,"DELHI CS, ON CA",19-12-2021,0,,23,29,17,34,73.8
CA006131983,"DELHI CS, ON CA",20-12-2021,0,,31,39,22,21,85
CA006131983,"DELHI CS, ON CA",21-12-2021,0,,32,40,25,25,96.2
CA006131983,"DELHI CS, ON CA",22-12-2021,0,,31,39,22,29,105.1
CA006131983,"DELHI CS, ON CA",23-12-2021,0.13,,25,31,18,15,85
CA006131983,"DELHI CS, ON CA",24-12-2021,0.04,0.8,34,40,28,,
CA006131983,"DELHI CS, ON CA",25-12-2021,0.47,,42,48,36,34,73.8
CA006131983,"DELHI CS, ON CA",26-12-2021,0,,31,37,25,,
CA006131983,"DELHI CS, ON CA",27-12-2021,0.12,,31,35,26,,
CA006131983,"DELHI CS, ON CA",28-12-2021,0.14,0,33,36,30,,
CA006131983,"DELHI CS, ON CA",29-12-2021,0.01,0.8,34,36,31,,
CA006131983,"DELHI CS, ON CA",30-12-2021,0,,32,35,29,,
CA006131983,"DELHI CS, ON CA",31-12-2021,0.02,,40,46,33,,
CA006131983,"DELHI CS, ON CA",01-01-2022,0.28,,34,41,27,,
CA006131983,"DELHI CS, ON CA",02-01-2022,0.05,1.6,16,27,4,2,76.1
CA006131983,"DELHI CS, ON CA",03-01-2022,0,1.2,12,21,3,,
CA006131983,"DELHI CS, ON CA",04-01-2022,0,1.2,24,35,13,,
CA006131983,"DELHI CS, ON CA",05-01-2022,0.04,1.2,28,39,18,25,149.9
CA006131983,"DELHI CS, ON CA",06-01-2022,0,,20,24,16,25,78.3
CA006131983,"DELHI CS, ON CA",07-01-2022,0,,15,21,8,,
CA006131983,"DELHI CS, ON CA",08-01-2022,0.01,,19,34,4,23,94
CA006131983,"DELHI CS, ON CA",09-01-2022,0.21,,28,39,17,30,109.6
CA006131983,"DELHI CS, ON CA",10-01-2022,0.01,,12,17,8,31,98.4
CA006131983,"DELHI CS, ON CA",11-01-2022,0,,18,30,6,21,91.7
CA006131983,"DELHI CS, ON CA",12-01-2022,0,,32,34,30,25,96.2
CA006131983,"DELHI CS, ON CA",13-01-2022,0,,29,34,25,,
CA006131983,"DELHI CS, ON CA",14-01-2022,0,,16,27,4,,
CA006131983,"DELHI CS, ON CA",15-01-2022,0,,6,13,-2,,
CA006131983,"DELHI CS, ON CA",16-01-2022,0.19,,16,29,3,,
CA006131983,"DELHI CS, ON CA",17-01-2022,0.57,4.7,26,29,23,33,102.9
CA006131983,"DELHI CS, ON CA",18-01-2022,0.05,6.3,26,30,21,21,87.2
CA006131983,"DELHI CS, ON CA",19-01-2022,0,5.9,30,40,20,24,107.4
CA006131983,"DELHI CS, ON CA",20-01-2022,0,2.8,10,20,-1,,
CA006131983,"DELHI CS, ON CA",21-01-2022,0,3.1,3,15,-9,,
CA006131983,"DELHI CS, ON CA",22-01-2022,0.03,2.8,8,25,-10,25,96.2
CA006131983,"DELHI CS, ON CA",23-01-2022,0.08,3.1,11,25,-2,,
CA006131983,"DELHI CS, ON CA",24-01-2022,0.23,3.9,10,22,-2,,
CA006131983,"DELHI CS, ON CA",25-01-2022,0,7.9,14,20,7,,
CA006131983,"DELHI CS, ON CA",26-01-2022,0,7.1,10,17,2,,
CA006131983,"DELHI CS, ON CA",27-01-2022,0.06,6.3,20,26,15,26,94
CA006131983,"DELHI CS, ON CA",28-01-2022,0,5.1,6,24,-12,,
CA006131983,"DELHI CS, ON CA",29-01-2022,0,4.7,1,14,-11,,
CA006131983,"DELHI CS, ON CA",30-01-2022,0,4.7,8,21,-5,,
CA006131983,"DELHI CS, ON CA",31-01-2022,0,4.7,14,31,-3,,
CA006131983,"DELHI CS, ON CA",01-02-2022,0,4.7,24,42,5,21,98.4
CA006131983,"DELHI CS, ON CA",02-02-2022,0.7,3.5,32,40,24,19,71.6
CA006131983,"DELHI CS, ON CA",03-02-2022,0.3,5.1,19,24,13,6,73.8
CA006131983,"DELHI CS, ON CA",04-02-2022,0.02,7.5,10,18,1,,
CA006131983,"DELHI CS, ON CA",05-02-2022,0,6.7,8,21,-5,,
CA006131983,"DELHI CS, ON CA",06-02-2022,0,6.7,22,31,12,21,82.8
CA006131983,"DELHI CS, ON CA",07-02-2022,0,6.3,25,33,18,,
CA006131983,"DELHI CS, ON CA",08-02-2022,0,6.3,22,28,15,,
CA006131983,"DELHI CS, ON CA",09-02-2022,0,6.3,30,41,19,24,80.5
CA006131983,"DELHI CS, ON CA",10-02-2022,0.04,4.7,32,35,30,26,76.1
CA006131983,"DELHI CS, ON CA",11-02-2022,0.39,4.7,33,39,27,26,107.4
CA006131983,"DELHI CS, ON CA",12-02-2022,0,3.9,23,35,11,33,89.5
CA006131983,"DELHI CS, ON CA",13-02-2022,0,3.9,12,20,4,,
CA006131983,"DELHI CS, ON CA",14-02-2022,0,3.9,7,16,-1,,
CA006131983,"DELHI CS, ON CA",15-02-2022,0,3.5,15,27,4,,
CA006131983,"DELHI CS, ON CA",16-02-2022,0.02,3.9,34,51,18,23,111.8
CA006131983,"DELHI CS, ON CA",17-02-2022,1.42,,37,50,24,36,89.5
CA006131983,"DELHI CS, ON CA",18-02-2022,0.02,2.4,20,24,16,20,96.2
CA006131983,"DELHI CS, ON CA",19-02-2022,0.06,2,22,30,14,31,125.3
CA006131983,"DELHI CS, ON CA",20-02-2022,0,0.8,30,45,14,21,109.6
CA006131983,"DELHI CS, ON CA",21-02-2022,0,,37,47,26,,
CA006131983,"DELHI CS, ON CA",22-02-2022,0.56,,41,50,33,30,100.7
CA006131983,"DELHI CS, ON CA",23-02-2022,0,,28,42,14,32,105.1
CA006131983,"DELHI CS, ON CA",24-02-2022,0.03,,19,25,13,7,82.8
CA006131983,"DELHI CS, ON CA",25-02-2022,0.08,,17,23,10,1,76.1
CA006131983,"DELHI CS, ON CA",26-02-2022,0,,18,28,9,26,102.9
CA006131983,"DELHI CS, ON CA",27-02-2022,0,,27,33,22,28,94
CA006131983,"DELHI CS, ON CA",28-02-2022,0,,20,26,13,,
CA006131983,"DELHI CS, ON CA",01-03-2022,0,,31,41,20,23,73.8
CA006131983,"DELHI CS, ON CA",02-03-2022,0.04,,30,35,25,1,114.1
CA006131983,"DELHI CS, ON CA",03-03-2022,0,,20,25,14,35,94
CA006131983,"DELHI CS, ON CA",04-03-2022,0,,22,31,13,,
CA006131983,"DELHI CS, ON CA",05-03-2022,0,,34,43,25,,
CA006131983,"DELHI CS, ON CA",06-03-2022,0.37,,46,59,33,26,138.7
CA006131983,"DELHI CS, ON CA",07-03-2022,0.23,0,32,35,29,32,134.2
CA006131983,"DELHI CS, ON CA",08-03-2022,0,,30,35,25,31,76.1
CA006131983,"DELHI CS, ON CA",09-03-2022,0,,33,40,26,,
CA006131983,"DELHI CS, ON CA",10-03-2022,0,,32,38,26,,
CA006131983,"DELHI CS, ON CA",11-03-2022,0.17,,29,33,25,,
CA006131983,"DELHI CS, ON CA",12-03-2022,0,0,21,26,16,33,118.6
CA006131983,"DELHI CS, ON CA",13-03-2022,0.07,,21,30,11,24,80.5
CA006131983,"DELHI CS, ON CA",14-03-2022,0,0.4,31,48,15,,
CA006131983,"DELHI CS, ON CA",15-03-2022,0,,35,40,31,,
CA006131983,"DELHI CS, ON CA",16-03-2022,0,,44,61,28,,
CA006131983,"DELHI CS, ON CA",17-03-2022,0,,48,66,29,,
CA006131983,"DELHI CS, ON CA",18-03-2022,0.22,,49,65,34,16,125.3
CA006131983,"DELHI CS, ON CA",19-03-2022,0.27,,47,55,39,25,109.6
CA006131983,"DELHI CS, ON CA",20-03-2022,0.03,,41,51,31,33,91.7
CA006131983,"DELHI CS, ON CA",21-03-2022,0.09,,42,56,28,34,69.3
CA006131983,"DELHI CS, ON CA",22-03-2022,0,,37,42,32,,
CA006131983,"DELHI CS, ON CA",23-03-2022,0.78,,37,39,35,13,69.3
CA006131983,"DELHI CS, ON CA",24-03-2022,0,,44,49,38,22,98.4
CA006131983,"DELHI CS, ON CA",25-03-2022,0.01,,38,40,36,,
CA006131983,"DELHI CS, ON CA",26-03-2022,0.05,,33,39,27,34,100.7
CA006131983,"DELHI CS, ON CA",27-03-2022,0.02,,22,27,18,33,138.7
CA006131983,"DELHI CS, ON CA",28-03-2022,0.01,,18,22,14,31,105.1
CA006131983,"DELHI CS, ON CA",29-03-2022,0,,25,35,15,,
CA006131983,"DELHI CS, ON CA",30-03-2022,0.07,,34,43,24,,
CA006131983,"DELHI CS, ON CA",31-03-2022,0.08,,50,62,37,24,147.6
CA006131983,"DELHI CS, ON CA",01-04-2022,0.02,,32,38,27,32,96.2
CA006131983,"DELHI CS, ON CA",02-04-2022,0,,32,42,22,,
CA006131983,"DELHI CS, ON CA",03-04-2022,0,,34,39,29,,
CA006131983,"DELHI CS, ON CA",04-04-2022,0,,33,43,24,,
CA006131983,"DELHI CS, ON CA",05-04-2022,0.01,,49,60,38,,
CA006131983,"DELHI CS, ON CA",06-04-2022,0.19,,48,61,36,16,89.5
CA006131983,"DELHI CS, ON CA",07-04-2022,0,,46,56,35,24,76.1
CA006131983,"DELHI CS, ON CA",08-04-2022,0,,40,48,33,22,78.3
CA006131983,"DELHI CS, ON CA",09-04-2022,0,,38,42,34,,
CA006131983,"DELHI CS, ON CA",10-04-2022,0,,38,47,28,32,78.3
CA006131983,"DELHI CS, ON CA",11-04-2022,0.07,,44,60,29,21,82.8
CA006131983,"DELHI CS, ON CA",12-04-2022,0.01,,51,65,37,,
